iteration,expanded_state,parent,action,generated_successors,frontier_before,frontier_after,explored,g,h,f
1,"(23, 6)",,,"[(23, 7) via North, (22, 6) via West]","[(23, 6)]","[(23, 7), (22, 6)]",[],0,0,0
2,"(23, 7)","(23, 6)",North,"[(23, 8) via North]","[(23, 7), (22, 6)]","[(22, 6), (23, 8)]","[(23, 6)]",1,0,1
3,"(22, 6)","(23, 6)",West,"[(21, 6) via West]","[(22, 6), (23, 8)]","[(23, 8), (21, 6)]","[(23, 6), (23, 7)]",1,0,1
4,"(23, 8)","(23, 7)",North,"[(23, 9) via North]","[(23, 8), (21, 6)]","[(21, 6), (23, 9)]","[(23, 6), (23, 7), (22, 6)]",2,0,2
5,"(21, 6)","(22, 6)",West,"[(20, 6) via West]","[(21, 6), (23, 9)]","[(23, 9), (20, 6)]","[(23, 6), (23, 7), (22, 6), (23, 8)]",2,0,2
6,"(23, 9)","(23, 8)",North,"[(23, 10) via North]","[(23, 9), (20, 6)]","[(20, 6), (23, 10)]","[(23, 6), (23, 7), (22, 6), (23, 8), (21, 6)]",3,0,3
7,"(20, 6)","(21, 6)",West,"[(19, 6) via West]","[(20, 6), (23, 10)]","[(23, 10), (19, 6)]","[(23, 6), (23, 7), (22, 6), (23, 8), (21, 6), (23, 9)]",3,0,3
8,"(23, 10)","(23, 9)",North,"[(23, 11) via North]","[(23, 10), (19, 6)]","[(19, 6), (23, 11)]","[(23, 6), (23, 7), (22, 6), (23, 8), (21, 6), (23, 9), (20, 6)]",4,0,4
9,"(19, 6)","(20, 6)",West,"[(19, 5) via South, (18, 6) via West]","[(19, 6), (23, 11)]","[(23, 11), (19, 5), (18, 6)]","[(23, 6), (23, 7), (22, 6), (23, 8), (21, 6), (23, 9), (20, 6), (23, 10)]",4,0,4
10,"(23, 11)","(23, 10)",North,"[(22, 11) via West]","[(23, 11), (19, 5), (18, 6)]","[(19, 5), (18, 6), (22, 11)]","[(23, 6), (23, 7), (22, 6), (23, 8), (21, 6), (23, 9), (20, 6), (23, 10), (19, 6)]",5,0,5
11,"(19, 5)","(19, 6)",South,"[(19, 4) via South]","[(19, 5), (18, 6), (22, 11)]","[(18, 6), (22, 11), (19, 4)]","[(23, 6), (23, 7), (22, 6), (23, 8), (21, 6), (23, 9), (20, 6), (23, 10), (19, 6), (23, 11)]",5,0,5
12,"(18, 6)","(19, 6)",West,"[(17, 6) via West]","[(18, 6), (22, 11), (19, 4)]","[(22, 11), (19, 4), (17, 6)]","[(23, 6), (23, 7), (22, 6), (23, 8), (21, 6), (23, 9), (20, 6), (23, 10), (19, 6), (23, 11), (19, 5)]",5,0,5
13,"(22, 11)","(23, 11)",West,"[(21, 11) via West]","[(22, 11), (19, 4), (17, 6)]","[(19, 4), (17, 6), (21, 11)]","[(23, 6), (23, 7), (22, 6), (23, 8), (21, 6), (23, 9), (20, 6), (23, 10), (19, 6), (23, 11), (19, 5), (18, 6)]",6,0,6
14,"(19, 4)","(19, 5)",South,"[(19, 3) via South, (18, 4) via West]","[(19, 4), (17, 6), (21, 11)]","[(17, 6), (21, 11), (19, 3), (18, 4)]","[(23, 6), (23, 7), (22, 6), (23, 8), (21, 6), (23, 9), (20, 6), (23, 10), (19, 6), (23, 11), (19, 5), (18, 6), (22, 11)]",6,0,6
15,"(17, 6)","(18, 6)",West,"[(16, 6) via West]","[(17, 6), (21, 11), (19, 3), (18, 4)]","[(21, 11), (19, 3), (18, 4), (16, 6)]","[(23, 6), (23, 7), (22, 6), (23, 8), (21, 6), (23, 9), (20, 6), (23, 10), (19, 6), (23, 11), (19, 5), (18, 6), (22, 11), (19, 4)]",6,0,6
16,"(21, 11)","(22, 11)",West,"[(20, 11) via West]","[(21, 11), (19, 3), (18, 4), (16, 6)]","[(19, 3), (18, 4), (16, 6), (20, 11)]","[(23, 6), (23, 7), (22, 6), (23, 8), (21, 6), (23, 9), (20, 6), (23, 10), (19, 6), (23, 11), (19, 5), (18, 6), (22, 11), (19, 4), (17, 6)]",7,0,7
17,"(19, 3)","(19, 4)",South,[],"[(19, 3), (18, 4), (16, 6), (20, 11)]","[(18, 4), (16, 6), (20, 11)]","[(23, 6), (23, 7), (22, 6), (23, 8), (21, 6), (23, 9), (20, 6), (23, 10), (19, 6), (23, 11), (19, 5), (18, 6), (22, 11), (19, 4), (17, 6), (21, 11)]",7,0,7
18,"(18, 4)","(19, 4)",West,"[(17, 4) via West]","[(18, 4), (16, 6), (20, 11)]","[(16, 6), (20, 11), (17, 4)]","[(23, 6), (23, 7), (22, 6), (23, 8), (21, 6), (23, 9), (20, 6), (23, 10), (19, 6), (23, 11), (19, 5), (18, 6), (22, 11), (19, 4), (17, 6), (21, 11), (19, 3)]",7,0,7
19,"(16, 6)","(17, 6)",West,"[(16, 7) via North, (15, 6) via West]","[(16, 6), (20, 11), (17, 4)]","[(20, 11), (17, 4), (16, 7), (15, 6)]","[(23, 6), (23, 7), (22, 6), (23, 8), (21, 6), (23, 9), (20, 6), (23, 10), (19, 6), (23, 11), (19, 5), (18, 6), (22, 11), (19, 4), (17, 6), (21, 11), (19, 3), (18, 4)]",7,0,7
20,"(20, 11)","(21, 11)",West,"[(19, 11) via West]","[(20, 11), (17, 4), (16, 7), (15, 6)]","[(17, 4), (16, 7), (15, 6), (19, 11)]","[(23, 6), (23, 7), (22, 6), (23, 8), (21, 6), (23, 9), (20, 6), (23, 10), (19, 6), (23, 11), (19, 5), (18, 6), (22, 11), (19, 4), (17, 6), (21, 11), (19, 3), (18, 4), (16, 6)]",8,0,8
21,"(17, 4)","(18, 4)",West,"[(16, 4) via West]","[(17, 4), (16, 7), (15, 6), (19, 11)]","[(16, 7), (15, 6), (19, 11), (16, 4)]","[(23, 6), (23, 7), (22, 6), (23, 8), (21, 6), (23, 9), (20, 6), (23, 10), (19, 6), (23, 11), (19, 5), (18, 6), (22, 11), (19, 4), (17, 6), (21, 11), (19, 3), (18, 4), (16, 6), (20, 11)]",8,0,8
22,"(16, 7)","(16, 6)",North,"[(16, 8) via North]","[(16, 7), (15, 6), (19, 11), (16, 4)]","[(15, 6), (19, 11), (16, 4), (16, 8)]","[(23, 6), (23, 7), (22, 6), (23, 8), (21, 6), (23, 9), (20, 6), (23, 10), (19, 6), (23, 11), (19, 5), (18, 6), (22, 11), (19, 4), (17, 6), (21, 11), (19, 3), (18, 4), (16, 6), (20, 11), (17, 4)]",8,0,8
23,"(15, 6)","(16, 6)",West,"[(14, 6) via West]","[(15, 6), (19, 11), (16, 4), (16, 8)]","[(19, 11), (16, 4), (16, 8), (14, 6)]","[(23, 6), (23, 7), (22, 6), (23, 8), (21, 6), (23, 9), (20, 6), (23, 10), (19, 6), (23, 11), (19, 5), (18, 6), (22, 11), (19, 4), (17, 6), (21, 11), (19, 3), (18, 4), (16, 6), (20, 11), (17, 4), (16, 7)]",8,0,8
24,"(19, 11)","(20, 11)",West,"[(18, 11) via West]","[(19, 11), (16, 4), (16, 8), (14, 6)]","[(16, 4), (16, 8), (14, 6), (18, 11)]","[(23, 6), (23, 7), (22, 6), (23, 8), (21, 6), (23, 9), (20, 6), (23, 10), (19, 6), (23, 11), (19, 5), (18, 6), (22, 11), (19, 4), (17, 6), (21, 11), (19, 3), (18, 4), (16, 6), (20, 11), (17, 4), (16, 7), (15, 6)]",9,0,9
25,"(16, 4)","(17, 4)",West,"[(15, 4) via West]","[(16, 4), (16, 8), (14, 6), (18, 11)]","[(16, 8), (14, 6), (18, 11), (15, 4)]","[(23, 6), (23, 7), (22, 6), (23, 8), (21, 6), (23, 9), (20, 6), (23, 10), (19, 6), (23, 11), (19, 5), (18, 6), (22, 11), (19, 4), (17, 6), (21, 11), (19, 3), (18, 4), (16, 6), (20, 11), (17, 4), (16, 7), (15, 6), (19, 11)]",9,0,9
26,"(16, 8)","(16, 7)",North,"[(16, 9) via North]","[(16, 8), (14, 6), (18, 11), (15, 4)]","[(14, 6), (18, 11), (15, 4), (16, 9)]","[(23, 6), (23, 7), (22, 6), (23, 8), (21, 6), (23, 9), (20, 6), (23, 10), (19, 6), (23, 11), (19, 5), (18, 6), (22, 11), (19, 4), (17, 6), (21, 11), (19, 3), (18, 4), (16, 6), (20, 11), (17, 4), (16, 7), (15, 6), (19, 11), (16, 4)]",9,0,9
27,"(14, 6)","(15, 6)",West,"[(13, 6) via West]","[(14, 6), (18, 11), (15, 4), (16, 9)]","[(18, 11), (15, 4), (16, 9), (13, 6)]","[(23, 6), (23, 7), (22, 6), (23, 8), (21, 6), (23, 9), (20, 6), (23, 10), (19, 6), (23, 11), (19, 5), (18, 6), (22, 11), (19, 4), (17, 6), (21, 11), (19, 3), (18, 4), (16, 6), (20, 11), (17, 4), (16, 7), (15, 6), (19, 11), (16, 4), (16, 8)]",9,0,9
28,"(18, 11)","(19, 11)",West,"[(17, 11) via West]","[(18, 11), (15, 4), (16, 9), (13, 6)]","[(15, 4), (16, 9), (13, 6), (17, 11)]","[(23, 6), (23, 7), (22, 6), (23, 8), (21, 6), (23, 9), (20, 6), (23, 10), (19, 6), (23, 11), (19, 5), (18, 6), (22, 11), (19, 4), (17, 6), (21, 11), (19, 3), (18, 4), (16, 6), (20, 11), (17, 4), (16, 7), (15, 6), (19, 11), (16, 4), (16, 8), (14, 6)]",10,0,10
29,"(15, 4)","(16, 4)",West,[],"[(15, 4), (16, 9), (13, 6), (17, 11)]","[(16, 9), (13, 6), (17, 11)]","[(23, 6), (23, 7), (22, 6), (23, 8), (21, 6), (23, 9), (20, 6), (23, 10), (19, 6), (23, 11), (19, 5), (18, 6), (22, 11), (19, 4), (17, 6), (21, 11), (19, 3), (18, 4), (16, 6), (20, 11), (17, 4), (16, 7), (15, 6), (19, 11), (16, 4), (16, 8), (14, 6), (18, 11)]",10,0,10
30,"(16, 9)","(16, 8)",North,[],"[(16, 9), (13, 6), (17, 11)]","[(13, 6), (17, 11)]","[(23, 6), (23, 7), (22, 6), (23, 8), (21, 6), (23, 9), (20, 6), (23, 10), (19, 6), (23, 11), (19, 5), (18, 6), (22, 11), (19, 4), (17, 6), (21, 11), (19, 3), (18, 4), (16, 6), (20, 11), (17, 4), (16, 7), (15, 6), (19, 11), (16, 4), (16, 8), (14, 6), (18, 11), (15, 4)]",10,0,10
31,"(13, 6)","(14, 6)",West,"[(12, 6) via West]","[(13, 6), (17, 11)]","[(17, 11), (12, 6)]","[(23, 6), (23, 7), (22, 6), (23, 8), (21, 6), (23, 9), (20, 6), (23, 10), (19, 6), (23, 11), (19, 5), (18, 6), (22, 11), (19, 4), (17, 6), (21, 11), (19, 3), (18, 4), (16, 6), (20, 11), (17, 4), (16, 7), (15, 6), (19, 11), (16, 4), (16, 8), (14, 6), (18, 11), (15, 4), (16, 9)]",10,0,10
32,"(17, 11)","(18, 11)",West,"[(16, 11) via West]","[(17, 11), (12, 6)]","[(12, 6), (16, 11)]","[(23, 6), (23, 7), (22, 6), (23, 8), (21, 6), (23, 9), (20, 6), (23, 10), (19, 6), (23, 11), (19, 5), (18, 6), (22, 11), (19, 4), (17, 6), (21, 11), (19, 3), (18, 4), (16, 6), (20, 11), (17, 4), (16, 7), (15, 6), (19, 11), (16, 4), (16, 8), (14, 6), (18, 11), (15, 4), (16, 9), (13, 6)]",11,0,11
33,"(12, 6)","(13, 6)",West,"[(11, 6) via West]","[(12, 6), (16, 11)]","[(16, 11), (11, 6)]","[(23, 6), (23, 7), (22, 6), (23, 8), (21, 6), (23, 9), (20, 6), (23, 10), (19, 6), (23, 11), (19, 5), (18, 6), (22, 11), (19, 4), (17, 6), (21, 11), (19, 3), (18, 4), (16, 6), (20, 11), (17, 4), (16, 7), (15, 6), (19, 11), (16, 4), (16, 8), (14, 6), (18, 11), (15, 4), (16, 9), (13, 6), (17, 11)]",11,0,11
34,"(16, 11)","(17, 11)",West,"[(15, 11) via West]","[(16, 11), (11, 6)]","[(11, 6), (15, 11)]","[(23, 6), (23, 7), (22, 6), (23, 8), (21, 6), (23, 9), (20, 6), (23, 10), (19, 6), (23, 11), (19, 5), (18, 6), (22, 11), (19, 4), (17, 6), (21, 11), (19, 3), (18, 4), (16, 6), (20, 11), (17, 4), (16, 7), (15, 6), (19, 11), (16, 4), (16, 8), (14, 6), (18, 11), (15, 4), (16, 9), (13, 6), (17, 11), (12, 6)]",12,0,12
35,"(11, 6)","(12, 6)",West,"[(11, 5) via South]","[(11, 6), (15, 11)]","[(15, 11), (11, 5)]","[(23, 6), (23, 7), (22, 6), (23, 8), (21, 6), (23, 9), (20, 6), (23, 10), (19, 6), (23, 11), (19, 5), (18, 6), (22, 11), (19, 4), (17, 6), (21, 11), (19, 3), (18, 4), (16, 6), (20, 11), (17, 4), (16, 7), (15, 6), (19, 11), (16, 4), (16, 8), (14, 6), (18, 11), (15, 4), (16, 9), (13, 6), (17, 11), (12, 6), (16, 11)]",12,0,12
36,"(15, 11)","(16, 11)",West,"[(14, 11) via West]","[(15, 11), (11, 5)]","[(11, 5), (14, 11)]","[(23, 6), (23, 7), (22, 6), (23, 8), (21, 6), (23, 9), (20, 6), (23, 10), (19, 6), (23, 11), (19, 5), (18, 6), (22, 11), (19, 4), (17, 6), (21, 11), (19, 3), (18, 4), (16, 6), (20, 11), (17, 4), (16, 7), (15, 6), (19, 11), (16, 4), (16, 8), (14, 6), (18, 11), (15, 4), (16, 9), (13, 6), (17, 11), (12, 6), (16, 11), (11, 6)]",13,0,13
37,"(11, 5)","(11, 6)",South,"[(11, 4) via South]","[(11, 5), (14, 11)]","[(14, 11), (11, 4)]","[(23, 6), (23, 7), (22, 6), (23, 8), (21, 6), (23, 9), (20, 6), (23, 10), (19, 6), (23, 11), (19, 5), (18, 6), (22, 11), (19, 4), (17, 6), (21, 11), (19, 3), (18, 4), (16, 6), (20, 11), (17, 4), (16, 7), (15, 6), (19, 11), (16, 4), (16, 8), (14, 6), (18, 11), (15, 4), (16, 9), (13, 6), (17, 11), (12, 6), (16, 11), (11, 6), (15, 11)]",13,0,13
38,"(14, 11)","(15, 11)",West,"[(13, 11) via West]","[(14, 11), (11, 4)]","[(11, 4), (13, 11)]","[(23, 6), (23, 7), (22, 6), (23, 8), (21, 6), (23, 9), (20, 6), (23, 10), (19, 6), (23, 11), (19, 5), (18, 6), (22, 11), (19, 4), (17, 6), (21, 11), (19, 3), (18, 4), (16, 6), (20, 11), (17, 4), (16, 7), (15, 6), (19, 11), (16, 4), (16, 8), (14, 6), (18, 11), (15, 4), (16, 9), (13, 6), (17, 11), (12, 6), (16, 11), (11, 6), (15, 11), (11, 5)]",14,0,14
39,"(11, 4)","(11, 5)",South,"[(11, 3) via South]","[(11, 4), (13, 11)]","[(13, 11), (11, 3)]","[(23, 6), (23, 7), (22, 6), (23, 8), (21, 6), (23, 9), (20, 6), (23, 10), (19, 6), (23, 11), (19, 5), (18, 6), (22, 11), (19, 4), (17, 6), (21, 11), (19, 3), (18, 4), (16, 6), (20, 11), (17, 4), (16, 7), (15, 6), (19, 11), (16, 4), (16, 8), (14, 6), (18, 11), (15, 4), (16, 9), (13, 6), (17, 11), (12, 6), (16, 11), (11, 6), (15, 11), (11, 5), (14, 11)]",14,0,14
40,"(13, 11)","(14, 11)",West,"[(13, 10) via South, (12, 11) via West]","[(13, 11), (11, 3)]","[(11, 3), (13, 10), (12, 11)]","[(23, 6), (23, 7), (22, 6), (23, 8), (21, 6), (23, 9), (20, 6), (23, 10), (19, 6), (23, 11), (19, 5), (18, 6), (22, 11), (19, 4), (17, 6), (21, 11), (19, 3), (18, 4), (16, 6), (20, 11), (17, 4), (16, 7), (15, 6), (19, 11), (16, 4), (16, 8), (14, 6), (18, 11), (15, 4), (16, 9), (13, 6), (17, 11), (12, 6), (16, 11), (11, 6), (15, 11), (11, 5), (14, 11), (11, 4)]",15,0,15
41,"(11, 3)","(11, 4)",South,"[(11, 2) via South]","[(11, 3), (13, 10), (12, 11)]","[(13, 10), (12, 11), (11, 2)]","[(23, 6), (23, 7), (22, 6), (23, 8), (21, 6), (23, 9), (20, 6), (23, 10), (19, 6), (23, 11), (19, 5), (18, 6), (22, 11), (19, 4), (17, 6), (21, 11), (19, 3), (18, 4), (16, 6), (20, 11), (17, 4), (16, 7), (15, 6), (19, 11), (16, 4), (16, 8), (14, 6), (18, 11), (15, 4), (16, 9), (13, 6), (17, 11), (12, 6), (16, 11), (11, 6), (15, 11), (11, 5), (14, 11), (11, 4), (13, 11)]",15,0,15
42,"(13, 10)","(13, 11)",South,"[(13, 9) via South]","[(13, 10), (12, 11), (11, 2)]","[(12, 11), (11, 2), (13, 9)]","[(23, 6), (23, 7), (22, 6), (23, 8), (21, 6), (23, 9), (20, 6), (23, 10), (19, 6), (23, 11), (19, 5), (18, 6), (22, 11), (19, 4), (17, 6), (21, 11), (19, 3), (18, 4), (16, 6), (20, 11), (17, 4), (16, 7), (15, 6), (19, 11), (16, 4), (16, 8), (14, 6), (18, 11), (15, 4), (16, 9), (13, 6), (17, 11), (12, 6), (16, 11), (11, 6), (15, 11), (11, 5), (14, 11), (11, 4), (13, 11), (11, 3)]",16,0,16
43,"(12, 11)","(13, 11)",West,"[(11, 11) via West]","[(12, 11), (11, 2), (13, 9)]","[(11, 2), (13, 9), (11, 11)]","[(23, 6), (23, 7), (22, 6), (23, 8), (21, 6), (23, 9), (20, 6), (23, 10), (19, 6), (23, 11), (19, 5), (18, 6), (22, 11), (19, 4), (17, 6), (21, 11), (19, 3), (18, 4), (16, 6), (20, 11), (17, 4), (16, 7), (15, 6), (19, 11), (16, 4), (16, 8), (14, 6), (18, 11), (15, 4), (16, 9), (13, 6), (17, 11), (12, 6), (16, 11), (11, 6), (15, 11), (11, 5), (14, 11), (11, 4), (13, 11), (11, 3), (13, 10)]",16,0,16
44,"(11, 2)","(11, 3)",South,"[(10, 2) via West]","[(11, 2), (13, 9), (11, 11)]","[(13, 9), (11, 11), (10, 2)]","[(23, 6), (23, 7), (22, 6), (23, 8), (21, 6), (23, 9), (20, 6), (23, 10), (19, 6), (23, 11), (19, 5), (18, 6), (22, 11), (19, 4), (17, 6), (21, 11), (19, 3), (18, 4), (16, 6), (20, 11), (17, 4), (16, 7), (15, 6), (19, 11), (16, 4), (16, 8), (14, 6), (18, 11), (15, 4), (16, 9), (13, 6), (17, 11), (12, 6), (16, 11), (11, 6), (15, 11), (11, 5), (14, 11), (11, 4), (13, 11), (11, 3), (13, 10), (12, 11)]",16,0,16
45,"(13, 9)","(13, 10)",South,"[(13, 8) via South]","[(13, 9), (11, 11), (10, 2)]","[(11, 11), (10, 2), (13, 8)]","[(23, 6), (23, 7), (22, 6), (23, 8), (21, 6), (23, 9), (20, 6), (23, 10), (19, 6), (23, 11), (19, 5), (18, 6), (22, 11), (19, 4), (17, 6), (21, 11), (19, 3), (18, 4), (16, 6), (20, 11), (17, 4), (16, 7), (15, 6), (19, 11), (16, 4), (16, 8), (14, 6), (18, 11), (15, 4), (16, 9), (13, 6), (17, 11), (12, 6), (16, 11), (11, 6), (15, 11), (11, 5), (14, 11), (11, 4), (13, 11), (11, 3), (13, 10), (12, 11), (11, 2)]",17,0,17
46,"(11, 11)","(12, 11)",West,"[(10, 11) via West]","[(11, 11), (10, 2), (13, 8)]","[(10, 2), (13, 8), (10, 11)]","[(23, 6), (23, 7), (22, 6), (23, 8), (21, 6), (23, 9), (20, 6), (23, 10), (19, 6), (23, 11), (19, 5), (18, 6), (22, 11), (19, 4), (17, 6), (21, 11), (19, 3), (18, 4), (16, 6), (20, 11), (17, 4), (16, 7), (15, 6), (19, 11), (16, 4), (16, 8), (14, 6), (18, 11), (15, 4), (16, 9), (13, 6), (17, 11), (12, 6), (16, 11), (11, 6), (15, 11), (11, 5), (14, 11), (11, 4), (13, 11), (11, 3), (13, 10), (12, 11), (11, 2), (13, 9)]",17,0,17
47,"(10, 2)","(11, 2)",West,"[(9, 2) via West]","[(10, 2), (13, 8), (10, 11)]","[(13, 8), (10, 11), (9, 2)]","[(23, 6), (23, 7), (22, 6), (23, 8), (21, 6), (23, 9), (20, 6), (23, 10), (19, 6), (23, 11), (19, 5), (18, 6), (22, 11), (19, 4), (17, 6), (21, 11), (19, 3), (18, 4), (16, 6), (20, 11), (17, 4), (16, 7), (15, 6), (19, 11), (16, 4), (16, 8), (14, 6), (18, 11), (15, 4), (16, 9), (13, 6), (17, 11), (12, 6), (16, 11), (11, 6), (15, 11), (11, 5), (14, 11), (11, 4), (13, 11), (11, 3), (13, 10), (12, 11), (11, 2), (13, 9), (11, 11)]",17,0,17
48,"(13, 8)","(13, 9)",South,[],"[(13, 8), (10, 11), (9, 2)]","[(10, 11), (9, 2)]","[(23, 6), (23, 7), (22, 6), (23, 8), (21, 6), (23, 9), (20, 6), (23, 10), (19, 6), (23, 11), (19, 5), (18, 6), (22, 11), (19, 4), (17, 6), (21, 11), (19, 3), (18, 4), (16, 6), (20, 11), (17, 4), (16, 7), (15, 6), (19, 11), (16, 4), (16, 8), (14, 6), (18, 11), (15, 4), (16, 9), (13, 6), (17, 11), (12, 6), (16, 11), (11, 6), (15, 11), (11, 5), (14, 11), (11, 4), (13, 11), (11, 3), (13, 10), (12, 11), (11, 2), (13, 9), (11, 11), (10, 2)]",18,0,18
49,"(10, 11)","(11, 11)",West,"[(9, 11) via West]","[(10, 11), (9, 2)]","[(9, 2), (9, 11)]","[(23, 6), (23, 7), (22, 6), (23, 8), (21, 6), (23, 9), (20, 6), (23, 10), (19, 6), (23, 11), (19, 5), (18, 6), (22, 11), (19, 4), (17, 6), (21, 11), (19, 3), (18, 4), (16, 6), (20, 11), (17, 4), (16, 7), (15, 6), (19, 11), (16, 4), (16, 8), (14, 6), (18, 11), (15, 4), (16, 9), (13, 6), (17, 11), (12, 6), (16, 11), (11, 6), (15, 11), (11, 5), (14, 11), (11, 4), (13, 11), (11, 3), (13, 10), (12, 11), (11, 2), (13, 9), (11, 11), (10, 2), (13, 8)]",18,0,18
50,"(9, 2)","(10, 2)",West,"[(9, 3) via North]","[(9, 2), (9, 11)]","[(9, 11), (9, 3)]","[(23, 6), (23, 7), (22, 6), (23, 8), (21, 6), (23, 9), (20, 6), (23, 10), (19, 6), (23, 11), (19, 5), (18, 6), (22, 11), (19, 4), (17, 6), (21, 11), (19, 3), (18, 4), (16, 6), (20, 11), (17, 4), (16, 7), (15, 6), (19, 11), (16, 4), (16, 8), (14, 6), (18, 11), (15, 4), (16, 9), (13, 6), (17, 11), (12, 6), (16, 11), (11, 6), (15, 11), (11, 5), (14, 11), (11, 4), (13, 11), (11, 3), (13, 10), (12, 11), (11, 2), (13, 9), (11, 11), (10, 2), (13, 8), (10, 11)]",18,0,18
51,"(9, 11)","(10, 11)",West,"[(8, 11) via West]","[(9, 11), (9, 3)]","[(9, 3), (8, 11)]","[(23, 6), (23, 7), (22, 6), (23, 8), (21, 6), (23, 9), (20, 6), (23, 10), (19, 6), (23, 11), (19, 5), (18, 6), (22, 11), (19, 4), (17, 6), (21, 11), (19, 3), (18, 4), (16, 6), (20, 11), (17, 4), (16, 7), (15, 6), (19, 11), (16, 4), (16, 8), (14, 6), (18, 11), (15, 4), (16, 9), (13, 6), (17, 11), (12, 6), (16, 11), (11, 6), (15, 11), (11, 5), (14, 11), (11, 4), (13, 11), (11, 3), (13, 10), (12, 11), (11, 2), (13, 9), (11, 11), (10, 2), (13, 8), (10, 11), (9, 2)]",19,0,19
52,"(9, 3)","(9, 2)",North,"[(9, 4) via North]","[(9, 3), (8, 11)]","[(8, 11), (9, 4)]","[(23, 6), (23, 7), (22, 6), (23, 8), (21, 6), (23, 9), (20, 6), (23, 10), (19, 6), (23, 11), (19, 5), (18, 6), (22, 11), (19, 4), (17, 6), (21, 11), (19, 3), (18, 4), (16, 6), (20, 11), (17, 4), (16, 7), (15, 6), (19, 11), (16, 4), (16, 8), (14, 6), (18, 11), (15, 4), (16, 9), (13, 6), (17, 11), (12, 6), (16, 11), (11, 6), (15, 11), (11, 5), (14, 11), (11, 4), (13, 11), (11, 3), (13, 10), (12, 11), (11, 2), (13, 9), (11, 11), (10, 2), (13, 8), (10, 11), (9, 2), (9, 11)]",19,0,19
53,"(8, 11)","(9, 11)",West,"[(7, 11) via West]","[(8, 11), (9, 4)]","[(9, 4), (7, 11)]","[(23, 6), (23, 7), (22, 6), (23, 8), (21, 6), (23, 9), (20, 6), (23, 10), (19, 6), (23, 11), (19, 5), (18, 6), (22, 11), (19, 4), (17, 6), (21, 11), (19, 3), (18, 4), (16, 6), (20, 11), (17, 4), (16, 7), (15, 6), (19, 11), (16, 4), (16, 8), (14, 6), (18, 11), (15, 4), (16, 9), (13, 6), (17, 11), (12, 6), (16, 11), (11, 6), (15, 11), (11, 5), (14, 11), (11, 4), (13, 11), (11, 3), (13, 10), (12, 11), (11, 2), (13, 9), (11, 11), (10, 2), (13, 8), (10, 11), (9, 2), (9, 11), (9, 3)]",20,0,20
54,"(9, 4)","(9, 3)",North,"[(9, 5) via North]","[(9, 4), (7, 11)]","[(7, 11), (9, 5)]","[(23, 6), (23, 7), (22, 6), (23, 8), (21, 6), (23, 9), (20, 6), (23, 10), (19, 6), (23, 11), (19, 5), (18, 6), (22, 11), (19, 4), (17, 6), (21, 11), (19, 3), (18, 4), (16, 6), (20, 11), (17, 4), (16, 7), (15, 6), (19, 11), (16, 4), (16, 8), (14, 6), (18, 11), (15, 4), (16, 9), (13, 6), (17, 11), (12, 6), (16, 11), (11, 6), (15, 11), (11, 5), (14, 11), (11, 4), (13, 11), (11, 3), (13, 10), (12, 11), (11, 2), (13, 9), (11, 11), (10, 2), (13, 8), (10, 11), (9, 2), (9, 11), (9, 3), (8, 11)]",20,0,20
55,"(7, 11)","(8, 11)",West,"[(6, 11) via West]","[(7, 11), (9, 5)]","[(9, 5), (6, 11)]","[(23, 6), (23, 7), (22, 6), (23, 8), (21, 6), (23, 9), (20, 6), (23, 10), (19, 6), (23, 11), (19, 5), (18, 6), (22, 11), (19, 4), (17, 6), (21, 11), (19, 3), (18, 4), (16, 6), (20, 11), (17, 4), (16, 7), (15, 6), (19, 11), (16, 4), (16, 8), (14, 6), (18, 11), (15, 4), (16, 9), (13, 6), (17, 11), (12, 6), (16, 11), (11, 6), (15, 11), (11, 5), (14, 11), (11, 4), (13, 11), (11, 3), (13, 10), (12, 11), (11, 2), (13, 9), (11, 11), (10, 2), (13, 8), (10, 11), (9, 2), (9, 11), (9, 3), (8, 11), (9, 4)]",21,0,21
56,"(9, 5)","(9, 4)",North,"[(9, 6) via North]","[(9, 5), (6, 11)]","[(6, 11), (9, 6)]","[(23, 6), (23, 7), (22, 6), (23, 8), (21, 6), (23, 9), (20, 6), (23, 10), (19, 6), (23, 11), (19, 5), (18, 6), (22, 11), (19, 4), (17, 6), (21, 11), (19, 3), (18, 4), (16, 6), (20, 11), (17, 4), (16, 7), (15, 6), (19, 11), (16, 4), (16, 8), (14, 6), (18, 11), (15, 4), (16, 9), (13, 6), (17, 11), (12, 6), (16, 11), (11, 6), (15, 11), (11, 5), (14, 11), (11, 4), (13, 11), (11, 3), (13, 10), (12, 11), (11, 2), (13, 9), (11, 11), (10, 2), (13, 8), (10, 11), (9, 2), (9, 11), (9, 3), (8, 11), (9, 4), (7, 11)]",21,0,21
57,"(6, 11)","(7, 11)",West,"[(5, 11) via West]","[(6, 11), (9, 6)]","[(9, 6), (5, 11)]","[(23, 6), (23, 7), (22, 6), (23, 8), (21, 6), (23, 9), (20, 6), (23, 10), (19, 6), (23, 11), (19, 5), (18, 6), (22, 11), (19, 4), (17, 6), (21, 11), (19, 3), (18, 4), (16, 6), (20, 11), (17, 4), (16, 7), (15, 6), (19, 11), (16, 4), (16, 8), (14, 6), (18, 11), (15, 4), (16, 9), (13, 6), (17, 11), (12, 6), (16, 11), (11, 6), (15, 11), (11, 5), (14, 11), (11, 4), (13, 11), (11, 3), (13, 10), (12, 11), (11, 2), (13, 9), (11, 11), (10, 2), (13, 8), (10, 11), (9, 2), (9, 11), (9, 3), (8, 11), (9, 4), (7, 11), (9, 5)]",22,0,22
58,"(9, 6)","(9, 5)",North,"[(9, 7) via North]","[(9, 6), (5, 11)]","[(5, 11), (9, 7)]","[(23, 6), (23, 7), (22, 6), (23, 8), (21, 6), (23, 9), (20, 6), (23, 10), (19, 6), (23, 11), (19, 5), (18, 6), (22, 11), (19, 4), (17, 6), (21, 11), (19, 3), (18, 4), (16, 6), (20, 11), (17, 4), (16, 7), (15, 6), (19, 11), (16, 4), (16, 8), (14, 6), (18, 11), (15, 4), (16, 9), (13, 6), (17, 11), (12, 6), (16, 11), (11, 6), (15, 11), (11, 5), (14, 11), (11, 4), (13, 11), (11, 3), (13, 10), (12, 11), (11, 2), (13, 9), (11, 11), (10, 2), (13, 8), (10, 11), (9, 2), (9, 11), (9, 3), (8, 11), (9, 4), (7, 11), (9, 5), (6, 11)]",22,0,22
59,"(5, 11)","(6, 11)",West,"[(5, 10) via South, (4, 11) via West]","[(5, 11), (9, 7)]","[(9, 7), (5, 10), (4, 11)]","[(23, 6), (23, 7), (22, 6), (23, 8), (21, 6), (23, 9), (20, 6), (23, 10), (19, 6), (23, 11), (19, 5), (18, 6), (22, 11), (19, 4), (17, 6), (21, 11), (19, 3), (18, 4), (16, 6), (20, 11), (17, 4), (16, 7), (15, 6), (19, 11), (16, 4), (16, 8), (14, 6), (18, 11), (15, 4), (16, 9), (13, 6), (17, 11), (12, 6), (16, 11), (11, 6), (15, 11), (11, 5), (14, 11), (11, 4), (13, 11), (11, 3), (13, 10), (12, 11), (11, 2), (13, 9), (11, 11), (10, 2), (13, 8), (10, 11), (9, 2), (9, 11), (9, 3), (8, 11), (9, 4), (7, 11), (9, 5), (6, 11), (9, 6)]",23,0,23
60,"(9, 7)","(9, 6)",North,"[(8, 7) via West]","[(9, 7), (5, 10), (4, 11)]","[(5, 10), (4, 11), (8, 7)]","[(23, 6), (23, 7), (22, 6), (23, 8), (21, 6), (23, 9), (20, 6), (23, 10), (19, 6), (23, 11), (19, 5), (18, 6), (22, 11), (19, 4), (17, 6), (21, 11), (19, 3), (18, 4), (16, 6), (20, 11), (17, 4), (16, 7), (15, 6), (19, 11), (16, 4), (16, 8), (14, 6), (18, 11), (15, 4), (16, 9), (13, 6), (17, 11), (12, 6), (16, 11), (11, 6), (15, 11), (11, 5), (14, 11), (11, 4), (13, 11), (11, 3), (13, 10), (12, 11), (11, 2), (13, 9), (11, 11), (10, 2), (13, 8), (10, 11), (9, 2), (9, 11), (9, 3), (8, 11), (9, 4), (7, 11), (9, 5), (6, 11), (9, 6), (5, 11)]",23,0,23
61,"(5, 10)","(5, 11)",South,"[(5, 9) via South]","[(5, 10), (4, 11), (8, 7)]","[(4, 11), (8, 7), (5, 9)]","[(23, 6), (23, 7), (22, 6), (23, 8), (21, 6), (23, 9), (20, 6), (23, 10), (19, 6), (23, 11), (19, 5), (18, 6), (22, 11), (19, 4), (17, 6), (21, 11), (19, 3), (18, 4), (16, 6), (20, 11), (17, 4), (16, 7), (15, 6), (19, 11), (16, 4), (16, 8), (14, 6), (18, 11), (15, 4), (16, 9), (13, 6), (17, 11), (12, 6), (16, 11), (11, 6), (15, 11), (11, 5), (14, 11), (11, 4), (13, 11), (11, 3), (13, 10), (12, 11), (11, 2), (13, 9), (11, 11), (10, 2), (13, 8), (10, 11), (9, 2), (9, 11), (9, 3), (8, 11), (9, 4), (7, 11), (9, 5), (6, 11), (9, 6), (5, 11), (9, 7)]",24,0,24
62,"(4, 11)","(5, 11)",West,"[(3, 11) via West]","[(4, 11), (8, 7), (5, 9)]","[(8, 7), (5, 9), (3, 11)]","[(23, 6), (23, 7), (22, 6), (23, 8), (21, 6), (23, 9), (20, 6), (23, 10), (19, 6), (23, 11), (19, 5), (18, 6), (22, 11), (19, 4), (17, 6), (21, 11), (19, 3), (18, 4), (16, 6), (20, 11), (17, 4), (16, 7), (15, 6), (19, 11), (16, 4), (16, 8), (14, 6), (18, 11), (15, 4), (16, 9), (13, 6), (17, 11), (12, 6), (16, 11), (11, 6), (15, 11), (11, 5), (14, 11), (11, 4), (13, 11), (11, 3), (13, 10), (12, 11), (11, 2), (13, 9), (11, 11), (10, 2), (13, 8), (10, 11), (9, 2), (9, 11), (9, 3), (8, 11), (9, 4), (7, 11), (9, 5), (6, 11), (9, 6), (5, 11), (9, 7), (5, 10)]",24,0,24
63,"(8, 7)","(9, 7)",West,"[(7, 7) via West]","[(8, 7), (5, 9), (3, 11)]","[(5, 9), (3, 11), (7, 7)]","[(23, 6), (23, 7), (22, 6), (23, 8), (21, 6), (23, 9), (20, 6), (23, 10), (19, 6), (23, 11), (19, 5), (18, 6), (22, 11), (19, 4), (17, 6), (21, 11), (19, 3), (18, 4), (16, 6), (20, 11), (17, 4), (16, 7), (15, 6), (19, 11), (16, 4), (16, 8), (14, 6), (18, 11), (15, 4), (16, 9), (13, 6), (17, 11), (12, 6), (16, 11), (11, 6), (15, 11), (11, 5), (14, 11), (11, 4), (13, 11), (11, 3), (13, 10), (12, 11), (11, 2), (13, 9), (11, 11), (10, 2), (13, 8), (10, 11), (9, 2), (9, 11), (9, 3), (8, 11), (9, 4), (7, 11), (9, 5), (6, 11), (9, 6), (5, 11), (9, 7), (5, 10), (4, 11)]",24,0,24
64,"(5, 9)","(5, 10)",South,[],"[(5, 9), (3, 11), (7, 7)]","[(3, 11), (7, 7)]","[(23, 6), (23, 7), (22, 6), (23, 8), (21, 6), (23, 9), (20, 6), (23, 10), (19, 6), (23, 11), (19, 5), (18, 6), (22, 11), (19, 4), (17, 6), (21, 11), (19, 3), (18, 4), (16, 6), (20, 11), (17, 4), (16, 7), (15, 6), (19, 11), (16, 4), (16, 8), (14, 6), (18, 11), (15, 4), (16, 9), (13, 6), (17, 11), (12, 6), (16, 11), (11, 6), (15, 11), (11, 5), (14, 11), (11, 4), (13, 11), (11, 3), (13, 10), (12, 11), (11, 2), (13, 9), (11, 11), (10, 2), (13, 8), (10, 11), (9, 2), (9, 11), (9, 3), (8, 11), (9, 4), (7, 11), (9, 5), (6, 11), (9, 6), (5, 11), (9, 7), (5, 10), (4, 11), (8, 7)]",25,0,25
65,"(3, 11)","(4, 11)",West,"[(2, 11) via West]","[(3, 11), (7, 7)]","[(7, 7), (2, 11)]","[(23, 6), (23, 7), (22, 6), (23, 8), (21, 6), (23, 9), (20, 6), (23, 10), (19, 6), (23, 11), (19, 5), (18, 6), (22, 11), (19, 4), (17, 6), (21, 11), (19, 3), (18, 4), (16, 6), (20, 11), (17, 4), (16, 7), (15, 6), (19, 11), (16, 4), (16, 8), (14, 6), (18, 11), (15, 4), (16, 9), (13, 6), (17, 11), (12, 6), (16, 11), (11, 6), (15, 11), (11, 5), (14, 11), (11, 4), (13, 11), (11, 3), (13, 10), (12, 11), (11, 2), (13, 9), (11, 11), (10, 2), (13, 8), (10, 11), (9, 2), (9, 11), (9, 3), (8, 11), (9, 4), (7, 11), (9, 5), (6, 11), (9, 6), (5, 11), (9, 7), (5, 10), (4, 11), (8, 7), (5, 9)]",25,0,25
66,"(7, 7)","(8, 7)",West,"[(7, 6) via South]","[(7, 7), (2, 11)]","[(2, 11), (7, 6)]","[(23, 6), (23, 7), (22, 6), (23, 8), (21, 6), (23, 9), (20, 6), (23, 10), (19, 6), (23, 11), (19, 5), (18, 6), (22, 11), (19, 4), (17, 6), (21, 11), (19, 3), (18, 4), (16, 6), (20, 11), (17, 4), (16, 7), (15, 6), (19, 11), (16, 4), (16, 8), (14, 6), (18, 11), (15, 4), (16, 9), (13, 6), (17, 11), (12, 6), (16, 11), (11, 6), (15, 11), (11, 5), (14, 11), (11, 4), (13, 11), (11, 3), (13, 10), (12, 11), (11, 2), (13, 9), (11, 11), (10, 2), (13, 8), (10, 11), (9, 2), (9, 11), (9, 3), (8, 11), (9, 4), (7, 11), (9, 5), (6, 11), (9, 6), (5, 11), (9, 7), (5, 10), (4, 11), (8, 7), (5, 9), (3, 11)]",25,0,25
67,"(2, 11)","(3, 11)",West,"[(1, 11) via West]","[(2, 11), (7, 6)]","[(7, 6), (1, 11)]","[(23, 6), (23, 7), (22, 6), (23, 8), (21, 6), (23, 9), (20, 6), (23, 10), (19, 6), (23, 11), (19, 5), (18, 6), (22, 11), (19, 4), (17, 6), (21, 11), (19, 3), (18, 4), (16, 6), (20, 11), (17, 4), (16, 7), (15, 6), (19, 11), (16, 4), (16, 8), (14, 6), (18, 11), (15, 4), (16, 9), (13, 6), (17, 11), (12, 6), (16, 11), (11, 6), (15, 11), (11, 5), (14, 11), (11, 4), (13, 11), (11, 3), (13, 10), (12, 11), (11, 2), (13, 9), (11, 11), (10, 2), (13, 8), (10, 11), (9, 2), (9, 11), (9, 3), (8, 11), (9, 4), (7, 11), (9, 5), (6, 11), (9, 6), (5, 11), (9, 7), (5, 10), (4, 11), (8, 7), (5, 9), (3, 11), (7, 7)]",26,0,26
68,"(7, 6)","(7, 7)",South,"[(7, 5) via South]","[(7, 6), (1, 11)]","[(1, 11), (7, 5)]","[(23, 6), (23, 7), (22, 6), (23, 8), (21, 6), (23, 9), (20, 6), (23, 10), (19, 6), (23, 11), (19, 5), (18, 6), (22, 11), (19, 4), (17, 6), (21, 11), (19, 3), (18, 4), (16, 6), (20, 11), (17, 4), (16, 7), (15, 6), (19, 11), (16, 4), (16, 8), (14, 6), (18, 11), (15, 4), (16, 9), (13, 6), (17, 11), (12, 6), (16, 11), (11, 6), (15, 11), (11, 5), (14, 11), (11, 4), (13, 11), (11, 3), (13, 10), (12, 11), (11, 2), (13, 9), (11, 11), (10, 2), (13, 8), (10, 11), (9, 2), (9, 11), (9, 3), (8, 11), (9, 4), (7, 11), (9, 5), (6, 11), (9, 6), (5, 11), (9, 7), (5, 10), (4, 11), (8, 7), (5, 9), (3, 11), (7, 7), (2, 11)]",26,0,26
69,"(1, 11)","(2, 11)",West,"[(1, 10) via South]","[(1, 11), (7, 5)]","[(7, 5), (1, 10)]","[(23, 6), (23, 7), (22, 6), (23, 8), (21, 6), (23, 9), (20, 6), (23, 10), (19, 6), (23, 11), (19, 5), (18, 6), (22, 11), (19, 4), (17, 6), (21, 11), (19, 3), (18, 4), (16, 6), (20, 11), (17, 4), (16, 7), (15, 6), (19, 11), (16, 4), (16, 8), (14, 6), (18, 11), (15, 4), (16, 9), (13, 6), (17, 11), (12, 6), (16, 11), (11, 6), (15, 11), (11, 5), (14, 11), (11, 4), (13, 11), (11, 3), (13, 10), (12, 11), (11, 2), (13, 9), (11, 11), (10, 2), (13, 8), (10, 11), (9, 2), (9, 11), (9, 3), (8, 11), (9, 4), (7, 11), (9, 5), (6, 11), (9, 6), (5, 11), (9, 7), (5, 10), (4, 11), (8, 7), (5, 9), (3, 11), (7, 7), (2, 11), (7, 6)]",27,0,27
70,"(7, 5)","(7, 6)",South,"[(7, 4) via South]","[(7, 5), (1, 10)]","[(1, 10), (7, 4)]","[(23, 6), (23, 7), (22, 6), (23, 8), (21, 6), (23, 9), (20, 6), (23, 10), (19, 6), (23, 11), (19, 5), (18, 6), (22, 11), (19, 4), (17, 6), (21, 11), (19, 3), (18, 4), (16, 6), (20, 11), (17, 4), (16, 7), (15, 6), (19, 11), (16, 4), (16, 8), (14, 6), (18, 11), (15, 4), (16, 9), (13, 6), (17, 11), (12, 6), (16, 11), (11, 6), (15, 11), (11, 5), (14, 11), (11, 4), (13, 11), (11, 3), (13, 10), (12, 11), (11, 2), (13, 9), (11, 11), (10, 2), (13, 8), (10, 11), (9, 2), (9, 11), (9, 3), (8, 11), (9, 4), (7, 11), (9, 5), (6, 11), (9, 6), (5, 11), (9, 7), (5, 10), (4, 11), (8, 7), (5, 9), (3, 11), (7, 7), (2, 11), (7, 6), (1, 11)]",27,0,27
71,"(1, 10)","(1, 11)",South,"[(1, 9) via South]","[(1, 10), (7, 4)]","[(7, 4), (1, 9)]","[(23, 6), (23, 7), (22, 6), (23, 8), (21, 6), (23, 9), (20, 6), (23, 10), (19, 6), (23, 11), (19, 5), (18, 6), (22, 11), (19, 4), (17, 6), (21, 11), (19, 3), (18, 4), (16, 6), (20, 11), (17, 4), (16, 7), (15, 6), (19, 11), (16, 4), (16, 8), (14, 6), (18, 11), (15, 4), (16, 9), (13, 6), (17, 11), (12, 6), (16, 11), (11, 6), (15, 11), (11, 5), (14, 11), (11, 4), (13, 11), (11, 3), (13, 10), (12, 11), (11, 2), (13, 9), (11, 11), (10, 2), (13, 8), (10, 11), (9, 2), (9, 11), (9, 3), (8, 11), (9, 4), (7, 11), (9, 5), (6, 11), (9, 6), (5, 11), (9, 7), (5, 10), (4, 11), (8, 7), (5, 9), (3, 11), (7, 7), (2, 11), (7, 6), (1, 11), (7, 5)]",28,0,28
72,"(7, 4)","(7, 5)",South,"[(7, 3) via South]","[(7, 4), (1, 9)]","[(1, 9), (7, 3)]","[(23, 6), (23, 7), (22, 6), (23, 8), (21, 6), (23, 9), (20, 6), (23, 10), (19, 6), (23, 11), (19, 5), (18, 6), (22, 11), (19, 4), (17, 6), (21, 11), (19, 3), (18, 4), (16, 6), (20, 11), (17, 4), (16, 7), (15, 6), (19, 11), (16, 4), (16, 8), (14, 6), (18, 11), (15, 4), (16, 9), (13, 6), (17, 11), (12, 6), (16, 11), (11, 6), (15, 11), (11, 5), (14, 11), (11, 4), (13, 11), (11, 3), (13, 10), (12, 11), (11, 2), (13, 9), (11, 11), (10, 2), (13, 8), (10, 11), (9, 2), (9, 11), (9, 3), (8, 11), (9, 4), (7, 11), (9, 5), (6, 11), (9, 6), (5, 11), (9, 7), (5, 10), (4, 11), (8, 7), (5, 9), (3, 11), (7, 7), (2, 11), (7, 6), (1, 11), (7, 5), (1, 10)]",28,0,28
73,"(1, 9)","(1, 10)",South,"[(1, 8) via South]","[(1, 9), (7, 3)]","[(7, 3), (1, 8)]","[(23, 6), (23, 7), (22, 6), (23, 8), (21, 6), (23, 9), (20, 6), (23, 10), (19, 6), (23, 11), (19, 5), (18, 6), (22, 11), (19, 4), (17, 6), (21, 11), (19, 3), (18, 4), (16, 6), (20, 11), (17, 4), (16, 7), (15, 6), (19, 11), (16, 4), (16, 8), (14, 6), (18, 11), (15, 4), (16, 9), (13, 6), (17, 11), (12, 6), (16, 11), (11, 6), (15, 11), (11, 5), (14, 11), (11, 4), (13, 11), (11, 3), (13, 10), (12, 11), (11, 2), (13, 9), (11, 11), (10, 2), (13, 8), (10, 11), (9, 2), (9, 11), (9, 3), (8, 11), (9, 4), (7, 11), (9, 5), (6, 11), (9, 6), (5, 11), (9, 7), (5, 10), (4, 11), (8, 7), (5, 9), (3, 11), (7, 7), (2, 11), (7, 6), (1, 11), (7, 5), (1, 10), (7, 4)]",29,0,29
74,"(7, 3)","(7, 4)",South,"[(7, 2) via South]","[(7, 3), (1, 8)]","[(1, 8), (7, 2)]","[(23, 6), (23, 7), (22, 6), (23, 8), (21, 6), (23, 9), (20, 6), (23, 10), (19, 6), (23, 11), (19, 5), (18, 6), (22, 11), (19, 4), (17, 6), (21, 11), (19, 3), (18, 4), (16, 6), (20, 11), (17, 4), (16, 7), (15, 6), (19, 11), (16, 4), (16, 8), (14, 6), (18, 11), (15, 4), (16, 9), (13, 6), (17, 11), (12, 6), (16, 11), (11, 6), (15, 11), (11, 5), (14, 11), (11, 4), (13, 11), (11, 3), (13, 10), (12, 11), (11, 2), (13, 9), (11, 11), (10, 2), (13, 8), (10, 11), (9, 2), (9, 11), (9, 3), (8, 11), (9, 4), (7, 11), (9, 5), (6, 11), (9, 6), (5, 11), (9, 7), (5, 10), (4, 11), (8, 7), (5, 9), (3, 11), (7, 7), (2, 11), (7, 6), (1, 11), (7, 5), (1, 10), (7, 4), (1, 9)]",29,0,29
75,"(1, 8)","(1, 9)",South,"[(1, 7) via South]","[(1, 8), (7, 2)]","[(7, 2), (1, 7)]","[(23, 6), (23, 7), (22, 6), (23, 8), (21, 6), (23, 9), (20, 6), (23, 10), (19, 6), (23, 11), (19, 5), (18, 6), (22, 11), (19, 4), (17, 6), (21, 11), (19, 3), (18, 4), (16, 6), (20, 11), (17, 4), (16, 7), (15, 6), (19, 11), (16, 4), (16, 8), (14, 6), (18, 11), (15, 4), (16, 9), (13, 6), (17, 11), (12, 6), (16, 11), (11, 6), (15, 11), (11, 5), (14, 11), (11, 4), (13, 11), (11, 3), (13, 10), (12, 11), (11, 2), (13, 9), (11, 11), (10, 2), (13, 8), (10, 11), (9, 2), (9, 11), (9, 3), (8, 11), (9, 4), (7, 11), (9, 5), (6, 11), (9, 6), (5, 11), (9, 7), (5, 10), (4, 11), (8, 7), (5, 9), (3, 11), (7, 7), (2, 11), (7, 6), (1, 11), (7, 5), (1, 10), (7, 4), (1, 9), (7, 3)]",30,0,30
76,"(7, 2)","(7, 3)",South,"[(6, 2) via West]","[(7, 2), (1, 7)]","[(1, 7), (6, 2)]","[(23, 6), (23, 7), (22, 6), (23, 8), (21, 6), (23, 9), (20, 6), (23, 10), (19, 6), (23, 11), (19, 5), (18, 6), (22, 11), (19, 4), (17, 6), (21, 11), (19, 3), (18, 4), (16, 6), (20, 11), (17, 4), (16, 7), (15, 6), (19, 11), (16, 4), (16, 8), (14, 6), (18, 11), (15, 4), (16, 9), (13, 6), (17, 11), (12, 6), (16, 11), (11, 6), (15, 11), (11, 5), (14, 11), (11, 4), (13, 11), (11, 3), (13, 10), (12, 11), (11, 2), (13, 9), (11, 11), (10, 2), (13, 8), (10, 11), (9, 2), (9, 11), (9, 3), (8, 11), (9, 4), (7, 11), (9, 5), (6, 11), (9, 6), (5, 11), (9, 7), (5, 10), (4, 11), (8, 7), (5, 9), (3, 11), (7, 7), (2, 11), (7, 6), (1, 11), (7, 5), (1, 10), (7, 4), (1, 9), (7, 3), (1, 8)]",30,0,30
77,"(1, 7)","(1, 8)",South,"[(1, 6) via South]","[(1, 7), (6, 2)]","[(6, 2), (1, 6)]","[(23, 6), (23, 7), (22, 6), (23, 8), (21, 6), (23, 9), (20, 6), (23, 10), (19, 6), (23, 11), (19, 5), (18, 6), (22, 11), (19, 4), (17, 6), (21, 11), (19, 3), (18, 4), (16, 6), (20, 11), (17, 4), (16, 7), (15, 6), (19, 11), (16, 4), (16, 8), (14, 6), (18, 11), (15, 4), (16, 9), (13, 6), (17, 11), (12, 6), (16, 11), (11, 6), (15, 11), (11, 5), (14, 11), (11, 4), (13, 11), (11, 3), (13, 10), (12, 11), (11, 2), (13, 9), (11, 11), (10, 2), (13, 8), (10, 11), (9, 2), (9, 11), (9, 3), (8, 11), (9, 4), (7, 11), (9, 5), (6, 11), (9, 6), (5, 11), (9, 7), (5, 10), (4, 11), (8, 7), (5, 9), (3, 11), (7, 7), (2, 11), (7, 6), (1, 11), (7, 5), (1, 10), (7, 4), (1, 9), (7, 3), (1, 8), (7, 2)]",31,0,31
78,"(6, 2)","(7, 2)",West,"[(5, 2) via West]","[(6, 2), (1, 6)]","[(1, 6), (5, 2)]","[(23, 6), (23, 7), (22, 6), (23, 8), (21, 6), (23, 9), (20, 6), (23, 10), (19, 6), (23, 11), (19, 5), (18, 6), (22, 11), (19, 4), (17, 6), (21, 11), (19, 3), (18, 4), (16, 6), (20, 11), (17, 4), (16, 7), (15, 6), (19, 11), (16, 4), (16, 8), (14, 6), (18, 11), (15, 4), (16, 9), (13, 6), (17, 11), (12, 6), (16, 11), (11, 6), (15, 11), (11, 5), (14, 11), (11, 4), (13, 11), (11, 3), (13, 10), (12, 11), (11, 2), (13, 9), (11, 11), (10, 2), (13, 8), (10, 11), (9, 2), (9, 11), (9, 3), (8, 11), (9, 4), (7, 11), (9, 5), (6, 11), (9, 6), (5, 11), (9, 7), (5, 10), (4, 11), (8, 7), (5, 9), (3, 11), (7, 7), (2, 11), (7, 6), (1, 11), (7, 5), (1, 10), (7, 4), (1, 9), (7, 3), (1, 8), (7, 2), (1, 7)]",31,0,31
79,"(1, 6)","(1, 7)",South,"[(1, 5) via South]","[(1, 6), (5, 2)]","[(5, 2), (1, 5)]","[(23, 6), (23, 7), (22, 6), (23, 8), (21, 6), (23, 9), (20, 6), (23, 10), (19, 6), (23, 11), (19, 5), (18, 6), (22, 11), (19, 4), (17, 6), (21, 11), (19, 3), (18, 4), (16, 6), (20, 11), (17, 4), (16, 7), (15, 6), (19, 11), (16, 4), (16, 8), (14, 6), (18, 11), (15, 4), (16, 9), (13, 6), (17, 11), (12, 6), (16, 11), (11, 6), (15, 11), (11, 5), (14, 11), (11, 4), (13, 11), (11, 3), (13, 10), (12, 11), (11, 2), (13, 9), (11, 11), (10, 2), (13, 8), (10, 11), (9, 2), (9, 11), (9, 3), (8, 11), (9, 4), (7, 11), (9, 5), (6, 11), (9, 6), (5, 11), (9, 7), (5, 10), (4, 11), (8, 7), (5, 9), (3, 11), (7, 7), (2, 11), (7, 6), (1, 11), (7, 5), (1, 10), (7, 4), (1, 9), (7, 3), (1, 8), (7, 2), (1, 7), (6, 2)]",32,0,32
80,"(5, 2)","(6, 2)",West,"[(5, 3) via North]","[(5, 2), (1, 5)]","[(1, 5), (5, 3)]","[(23, 6), (23, 7), (22, 6), (23, 8), (21, 6), (23, 9), (20, 6), (23, 10), (19, 6), (23, 11), (19, 5), (18, 6), (22, 11), (19, 4), (17, 6), (21, 11), (19, 3), (18, 4), (16, 6), (20, 11), (17, 4), (16, 7), (15, 6), (19, 11), (16, 4), (16, 8), (14, 6), (18, 11), (15, 4), (16, 9), (13, 6), (17, 11), (12, 6), (16, 11), (11, 6), (15, 11), (11, 5), (14, 11), (11, 4), (13, 11), (11, 3), (13, 10), (12, 11), (11, 2), (13, 9), (11, 11), (10, 2), (13, 8), (10, 11), (9, 2), (9, 11), (9, 3), (8, 11), (9, 4), (7, 11), (9, 5), (6, 11), (9, 6), (5, 11), (9, 7), (5, 10), (4, 11), (8, 7), (5, 9), (3, 11), (7, 7), (2, 11), (7, 6), (1, 11), (7, 5), (1, 10), (7, 4), (1, 9), (7, 3), (1, 8), (7, 2), (1, 7), (6, 2), (1, 6)]",32,0,32
81,"(1, 5)","(1, 6)",South,"[(1, 4) via South]","[(1, 5), (5, 3)]","[(5, 3), (1, 4)]","[(23, 6), (23, 7), (22, 6), (23, 8), (21, 6), (23, 9), (20, 6), (23, 10), (19, 6), (23, 11), (19, 5), (18, 6), (22, 11), (19, 4), (17, 6), (21, 11), (19, 3), (18, 4), (16, 6), (20, 11), (17, 4), (16, 7), (15, 6), (19, 11), (16, 4), (16, 8), (14, 6), (18, 11), (15, 4), (16, 9), (13, 6), (17, 11), (12, 6), (16, 11), (11, 6), (15, 11), (11, 5), (14, 11), (11, 4), (13, 11), (11, 3), (13, 10), (12, 11), (11, 2), (13, 9), (11, 11), (10, 2), (13, 8), (10, 11), (9, 2), (9, 11), (9, 3), (8, 11), (9, 4), (7, 11), (9, 5), (6, 11), (9, 6), (5, 11), (9, 7), (5, 10), (4, 11), (8, 7), (5, 9), (3, 11), (7, 7), (2, 11), (7, 6), (1, 11), (7, 5), (1, 10), (7, 4), (1, 9), (7, 3), (1, 8), (7, 2), (1, 7), (6, 2), (1, 6), (5, 2)]",33,0,33
82,"(5, 3)","(5, 2)",North,"[(5, 4) via North]","[(5, 3), (1, 4)]","[(1, 4), (5, 4)]","[(23, 6), (23, 7), (22, 6), (23, 8), (21, 6), (23, 9), (20, 6), (23, 10), (19, 6), (23, 11), (19, 5), (18, 6), (22, 11), (19, 4), (17, 6), (21, 11), (19, 3), (18, 4), (16, 6), (20, 11), (17, 4), (16, 7), (15, 6), (19, 11), (16, 4), (16, 8), (14, 6), (18, 11), (15, 4), (16, 9), (13, 6), (17, 11), (12, 6), (16, 11), (11, 6), (15, 11), (11, 5), (14, 11), (11, 4), (13, 11), (11, 3), (13, 10), (12, 11), (11, 2), (13, 9), (11, 11), (10, 2), (13, 8), (10, 11), (9, 2), (9, 11), (9, 3), (8, 11), (9, 4), (7, 11), (9, 5), (6, 11), (9, 6), (5, 11), (9, 7), (5, 10), (4, 11), (8, 7), (5, 9), (3, 11), (7, 7), (2, 11), (7, 6), (1, 11), (7, 5), (1, 10), (7, 4), (1, 9), (7, 3), (1, 8), (7, 2), (1, 7), (6, 2), (1, 6), (5, 2), (1, 5)]",33,0,33
83,"(1, 4)","(1, 5)",South,"[(1, 3) via South]","[(1, 4), (5, 4)]","[(5, 4), (1, 3)]","[(23, 6), (23, 7), (22, 6), (23, 8), (21, 6), (23, 9), (20, 6), (23, 10), (19, 6), (23, 11), (19, 5), (18, 6), (22, 11), (19, 4), (17, 6), (21, 11), (19, 3), (18, 4), (16, 6), (20, 11), (17, 4), (16, 7), (15, 6), (19, 11), (16, 4), (16, 8), (14, 6), (18, 11), (15, 4), (16, 9), (13, 6), (17, 11), (12, 6), (16, 11), (11, 6), (15, 11), (11, 5), (14, 11), (11, 4), (13, 11), (11, 3), (13, 10), (12, 11), (11, 2), (13, 9), (11, 11), (10, 2), (13, 8), (10, 11), (9, 2), (9, 11), (9, 3), (8, 11), (9, 4), (7, 11), (9, 5), (6, 11), (9, 6), (5, 11), (9, 7), (5, 10), (4, 11), (8, 7), (5, 9), (3, 11), (7, 7), (2, 11), (7, 6), (1, 11), (7, 5), (1, 10), (7, 4), (1, 9), (7, 3), (1, 8), (7, 2), (1, 7), (6, 2), (1, 6), (5, 2), (1, 5), (5, 3)]",34,0,34
84,"(5, 4)","(5, 3)",North,"[(5, 5) via North]","[(5, 4), (1, 3)]","[(1, 3), (5, 5)]","[(23, 6), (23, 7), (22, 6), (23, 8), (21, 6), (23, 9), (20, 6), (23, 10), (19, 6), (23, 11), (19, 5), (18, 6), (22, 11), (19, 4), (17, 6), (21, 11), (19, 3), (18, 4), (16, 6), (20, 11), (17, 4), (16, 7), (15, 6), (19, 11), (16, 4), (16, 8), (14, 6), (18, 11), (15, 4), (16, 9), (13, 6), (17, 11), (12, 6), (16, 11), (11, 6), (15, 11), (11, 5), (14, 11), (11, 4), (13, 11), (11, 3), (13, 10), (12, 11), (11, 2), (13, 9), (11, 11), (10, 2), (13, 8), (10, 11), (9, 2), (9, 11), (9, 3), (8, 11), (9, 4), (7, 11), (9, 5), (6, 11), (9, 6), (5, 11), (9, 7), (5, 10), (4, 11), (8, 7), (5, 9), (3, 11), (7, 7), (2, 11), (7, 6), (1, 11), (7, 5), (1, 10), (7, 4), (1, 9), (7, 3), (1, 8), (7, 2), (1, 7), (6, 2), (1, 6), (5, 2), (1, 5), (5, 3), (1, 4)]",34,0,34
85,"(1, 3)","(1, 4)",South,"[(1, 2) via South]","[(1, 3), (5, 5)]","[(5, 5), (1, 2)]","[(23, 6), (23, 7), (22, 6), (23, 8), (21, 6), (23, 9), (20, 6), (23, 10), (19, 6), (23, 11), (19, 5), (18, 6), (22, 11), (19, 4), (17, 6), (21, 11), (19, 3), (18, 4), (16, 6), (20, 11), (17, 4), (16, 7), (15, 6), (19, 11), (16, 4), (16, 8), (14, 6), (18, 11), (15, 4), (16, 9), (13, 6), (17, 11), (12, 6), (16, 11), (11, 6), (15, 11), (11, 5), (14, 11), (11, 4), (13, 11), (11, 3), (13, 10), (12, 11), (11, 2), (13, 9), (11, 11), (10, 2), (13, 8), (10, 11), (9, 2), (9, 11), (9, 3), (8, 11), (9, 4), (7, 11), (9, 5), (6, 11), (9, 6), (5, 11), (9, 7), (5, 10), (4, 11), (8, 7), (5, 9), (3, 11), (7, 7), (2, 11), (7, 6), (1, 11), (7, 5), (1, 10), (7, 4), (1, 9), (7, 3), (1, 8), (7, 2), (1, 7), (6, 2), (1, 6), (5, 2), (1, 5), (5, 3), (1, 4), (5, 4)]",35,0,35
86,"(5, 5)","(5, 4)",North,"[(5, 6) via North]","[(5, 5), (1, 2)]","[(1, 2), (5, 6)]","[(23, 6), (23, 7), (22, 6), (23, 8), (21, 6), (23, 9), (20, 6), (23, 10), (19, 6), (23, 11), (19, 5), (18, 6), (22, 11), (19, 4), (17, 6), (21, 11), (19, 3), (18, 4), (16, 6), (20, 11), (17, 4), (16, 7), (15, 6), (19, 11), (16, 4), (16, 8), (14, 6), (18, 11), (15, 4), (16, 9), (13, 6), (17, 11), (12, 6), (16, 11), (11, 6), (15, 11), (11, 5), (14, 11), (11, 4), (13, 11), (11, 3), (13, 10), (12, 11), (11, 2), (13, 9), (11, 11), (10, 2), (13, 8), (10, 11), (9, 2), (9, 11), (9, 3), (8, 11), (9, 4), (7, 11), (9, 5), (6, 11), (9, 6), (5, 11), (9, 7), (5, 10), (4, 11), (8, 7), (5, 9), (3, 11), (7, 7), (2, 11), (7, 6), (1, 11), (7, 5), (1, 10), (7, 4), (1, 9), (7, 3), (1, 8), (7, 2), (1, 7), (6, 2), (1, 6), (5, 2), (1, 5), (5, 3), (1, 4), (5, 4), (1, 3)]",35,0,35
87,"(1, 2)","(1, 3)",South,"[(1, 1) via South, (2, 2) via East]","[(1, 2), (5, 6)]","[(5, 6), (1, 1), (2, 2)]","[(23, 6), (23, 7), (22, 6), (23, 8), (21, 6), (23, 9), (20, 6), (23, 10), (19, 6), (23, 11), (19, 5), (18, 6), (22, 11), (19, 4), (17, 6), (21, 11), (19, 3), (18, 4), (16, 6), (20, 11), (17, 4), (16, 7), (15, 6), (19, 11), (16, 4), (16, 8), (14, 6), (18, 11), (15, 4), (16, 9), (13, 6), (17, 11), (12, 6), (16, 11), (11, 6), (15, 11), (11, 5), (14, 11), (11, 4), (13, 11), (11, 3), (13, 10), (12, 11), (11, 2), (13, 9), (11, 11), (10, 2), (13, 8), (10, 11), (9, 2), (9, 11), (9, 3), (8, 11), (9, 4), (7, 11), (9, 5), (6, 11), (9, 6), (5, 11), (9, 7), (5, 10), (4, 11), (8, 7), (5, 9), (3, 11), (7, 7), (2, 11), (7, 6), (1, 11), (7, 5), (1, 10), (7, 4), (1, 9), (7, 3), (1, 8), (7, 2), (1, 7), (6, 2), (1, 6), (5, 2), (1, 5), (5, 3), (1, 4), (5, 4), (1, 3), (5, 5)]",36,0,36
88,"(5, 6)","(5, 5)",North,"[(5, 7) via North]","[(5, 6), (1, 1), (2, 2)]","[(1, 1), (2, 2), (5, 7)]","[(23, 6), (23, 7), (22, 6), (23, 8), (21, 6), (23, 9), (20, 6), (23, 10), (19, 6), (23, 11), (19, 5), (18, 6), (22, 11), (19, 4), (17, 6), (21, 11), (19, 3), (18, 4), (16, 6), (20, 11), (17, 4), (16, 7), (15, 6), (19, 11), (16, 4), (16, 8), (14, 6), (18, 11), (15, 4), (16, 9), (13, 6), (17, 11), (12, 6), (16, 11), (11, 6), (15, 11), (11, 5), (14, 11), (11, 4), (13, 11), (11, 3), (13, 10), (12, 11), (11, 2), (13, 9), (11, 11), (10, 2), (13, 8), (10, 11), (9, 2), (9, 11), (9, 3), (8, 11), (9, 4), (7, 11), (9, 5), (6, 11), (9, 6), (5, 11), (9, 7), (5, 10), (4, 11), (8, 7), (5, 9), (3, 11), (7, 7), (2, 11), (7, 6), (1, 11), (7, 5), (1, 10), (7, 4), (1, 9), (7, 3), (1, 8), (7, 2), (1, 7), (6, 2), (1, 6), (5, 2), (1, 5), (5, 3), (1, 4), (5, 4), (1, 3), (5, 5), (1, 2)]",36,0,36
89,"(1, 1)","(1, 2)",South,[],"[(1, 1), (2, 2), (5, 7)]","[(2, 2), (5, 7)]","[(23, 6), (23, 7), (22, 6), (23, 8), (21, 6), (23, 9), (20, 6), (23, 10), (19, 6), (23, 11), (19, 5), (18, 6), (22, 11), (19, 4), (17, 6), (21, 11), (19, 3), (18, 4), (16, 6), (20, 11), (17, 4), (16, 7), (15, 6), (19, 11), (16, 4), (16, 8), (14, 6), (18, 11), (15, 4), (16, 9), (13, 6), (17, 11), (12, 6), (16, 11), (11, 6), (15, 11), (11, 5), (14, 11), (11, 4), (13, 11), (11, 3), (13, 10), (12, 11), (11, 2), (13, 9), (11, 11), (10, 2), (13, 8), (10, 11), (9, 2), (9, 11), (9, 3), (8, 11), (9, 4), (7, 11), (9, 5), (6, 11), (9, 6), (5, 11), (9, 7), (5, 10), (4, 11), (8, 7), (5, 9), (3, 11), (7, 7), (2, 11), (7, 6), (1, 11), (7, 5), (1, 10), (7, 4), (1, 9), (7, 3), (1, 8), (7, 2), (1, 7), (6, 2), (1, 6), (5, 2), (1, 5), (5, 3), (1, 4), (5, 4), (1, 3), (5, 5), (1, 2), (5, 6)]",37,0,37
